{
  "experiment_name": "mentaliot_compass_4shot_crossretrieval_cot_seed42",
  "seed": 42,
  "num_samples": 200,
  "step_timings": {
    "loading": [
      0.005701375007629394
    ],
    "test_sampling": [
      0.013303208351135253
    ],
    "feature_engineering": [
      0.0,
      0.0,
      0.0,
      0.0,
      0.0010001659393310547,
      0.0,
      0.0009999275207519531,
      0.0009999275207519531,
      0.0,
      0.0009996891021728516,
      0.0010004043579101562,
      0.0,
      0.0,
      0.0010001659393310547,
      0.0,
      0.0010004043579101562,
      0.0,
      0.0,
      0.0,
      0.0,
      0.0,
      0.0,
      0.0010006427764892578,
      0.0,
      0.0009996891021728516,
      0.0,
      0.00099945068359375,
      0.0010004043579101562,
      0.0,
      0.001001596450805664,
      0.0010001659393310547,
      0.0,
      0.0,
      0.0,
      0.0009999275207519531,
      0.0,
      0.0009996891021728516,
      0.0010001659393310547,
      0.0,
      0.0,
      0.0,
      0.0,
      0.0010006427764892578,
      0.0,
      0.0010006427764892578,
      0.0,
      0.0,
      0.0,
      0.0,
      0.0010004043579101562,
      0.0,
      0.0010004043579101562,
      0.001001119613647461,
      0.0,
      0.0,
      0.0009989738464355469,
      0.0,
      0.0010001659393310547,
      0.0,
      0.0,
      0.0,
      0.0,
      0.0009996891021728516,
      0.0010006427764892578,
      0.0,
      0.0,
      0.0,
      0.0,
      0.0,
      0.0,
      0.0,
      0.0,
      0.0010001659393310547,
      0.0010013580322265625,
      0.0,
      0.0,
      0.0,
      0.0,
      0.0,
      0.0,
      0.0,
      0.0009996891021728516,
      0.0010001659393310547,
      0.0,
      0.0009992122650146484,
      0.0010001659393310547,
      0.0,
      0.0,
      0.0,
      0.0,
      0.0,
      0.00099945068359375,
      0.0,
      0.0,
      0.0,
      0.0010006427764892578,
      0.0,
      0.0,
      0.0,
      0.0,
      0.0,
      0.0010004043579101562,
      0.0,
      0.0,
      0.0010004043579101562,
      0.0,
      0.0,
      0.0,
      0.0,
      0.0,
      0.0,
      0.0010004043579101562,
      0.00099945068359375,
      0.0010001659393310547,
      0.0010001659393310547,
      0.0,
      0.0,
      0.0,
      0.0,
      0.0,
      0.00099945068359375,
      0.0010001659393310547,
      0.0,
      0.0,
      0.0010006427764892578,
      0.0,
      0.0009999275207519531,
      0.0,
      0.0010025501251220703,
      0.0,
      0.0,
      0.0010001659393310547,
      0.0010001659393310547,
      0.0,
      0.0,
      0.0009999275207519531,
      0.0,
      0.0,
      0.0010004043579101562,
      0.0,
      0.0010020732879638672,
      0.0010006427764892578,
      0.0,
      0.0,
      0.0,
      0.0010006427764892578,
      0.0,
      0.0,
      0.0010001659393310547,
      0.0,
      0.0009996891021728516,
      0.0010001659393310547,
      0.0009999275207519531,
      0.0,
      0.0,
      0.0,
      0.0,
      0.0,
      0.0,
      0.0010001659393310547,
      0.0009999275207519531,
      0.0,
      0.0010001659393310547,
      0.0,
      0.0010004043579101562,
      0.0,
      0.0,
      0.0,
      0.0010001659393310547,
      0.0010001659393310547,
      0.0,
      0.0,
      0.0,
      0.0,
      0.0,
      0.0010006427764892578,
      0.0010001659393310547,
      0.0,
      0.0,
      0.0,
      0.0,
      0.0,
      0.0,
      0.0009999275207519531,
      0.0009996891021728516,
      0.0,
      0.0,
      0.0,
      0.0,
      0.0,
      0.0010001659393310547,
      0.0010006427764892578,
      0.0,
      0.0,
      0.0,
      0.0,
      0.0,
      0.0,
      0.0,
      0.0010001659393310547
    ],
    "icl_selection": [
      0.0020003318786621094,
      0.0050013065338134766,
      0.005001068115234375,
      0.003000497817993164,
      0.004001140594482422,
      0.004000663757324219,
      0.0020012855529785156,
      0.0020003318786621094,
      0.0030007362365722656,
      0.002000093460083008,
      0.004001617431640625,
      0.005001068115234375,
      0.001001119613647461,
      0.0010001659393310547,
      0.002001047134399414,
      0.0019998550415039062,
      0.00400090217590332,
      0.0020008087158203125,
      0.0019998550415039062,
      0.003000020980834961,
      0.005002021789550781,
      0.004000663757324219,
      0.0030007362365722656,
      0.004000425338745117,
      0.00400090217590332,
      0.005002498626708984,
      0.004000663757324219,
      0.0030007362365722656,
      0.00400090217590332,
      0.00500035285949707,
      0.0019998550415039062,
      0.0010004043579101562,
      0.0009999275207519531,
      0.0030007362365722656,
      0.002001047134399414,
      0.002000093460083008,
      0.0020008087158203125,
      0.002001047134399414,
      0.0030007362365722656,
      0.0030012130737304688,
      0.0009996891021728516,
      0.0010001659393310547,
      0.0020003318786621094,
      0.0009999275207519531,
      0.0,
      0.003000020980834961,
      0.0010013580322265625,
      0.0030007362365722656,
      0.0010006427764892578,
      0.004000663757324219,
      0.0010013580322265625,
      0.001999378204345703,
      0.0030002593994140625,
      0.00099945068359375,
      0.003000497817993164,
      0.005001544952392578,
      0.005001544952392578,
      0.0010001659393310547,
      0.00500178337097168,
      0.0019998550415039062,
      0.0020008087158203125,
      0.0020003318786621094,
      0.003000974655151367,
      0.003000497817993164,
      0.0010001659393310547,
      0.0010001659393310547,
      0.0010004043579101562,
      0.00500178337097168,
      0.002000093460083008,
      0.0009999275207519531,
      0.004000186920166016,
      0.0020012855529785156,
      0.0020003318786621094,
      0.0030002593994140625,
      0.0019996166229248047,
      0.005000591278076172,
      0.002001047134399414,
      0.0019998550415039062,
      0.004001140594482422,
      0.003001689910888672,
      0.0009989738464355469,
      0.002001047134399414,
      0.00400090217590332,
      0.0030007362365722656,
      0.003001689910888672,
      0.0030007362365722656,
      0.002001523971557617,
      0.003999948501586914,
      0.0040018558502197266,
      0.0009987354278564453,
      0.00500178337097168,
      0.0010006427764892578,
      0.002001047134399414,
      0.004000663757324219,
      0.0020003318786621094,
      0.0050013065338134766,
      0.003999948501586914,
      0.0020003318786621094,
      0.005002021789550781,
      0.0010001659393310547,
      0.0030007362365722656,
      0.0010006427764892578,
      0.00400090217590332,
      0.0019998550415039062,
      0.004001140594482422,
      0.003000497817993164,
      0.0010004043579101562,
      0.0030002593994140625,
      0.002001523971557617,
      0.0029997825622558594,
      0.0040013790130615234,
      0.004000186920166016,
      0.0030012130737304688,
      0.004001617431640625,
      0.002000093460083008,
      0.00400090217590332,
      0.00400090217590332,
      0.004001617431640625,
      0.005000591278076172,
      0.0050008296966552734,
      0.005002021789550781,
      0.003000974655151367,
      0.00400090217590332,
      0.004000663757324219,
      0.005001544952392578,
      0.0020008087158203125,
      0.0020003318786621094,
      0.0020003318786621094,
      0.0019989013671875,
      0.003000020980834961,
      0.0019996166229248047,
      0.005001544952392578,
      0.00400090217590332,
      0.0020003318786621094,
      0.00400090217590332,
      0.0030002593994140625,
      0.004000425338745117,
      0.002001047134399414,
      0.0020003318786621094,
      0.005001068115234375,
      0.004000186920166016,
      0.0019998550415039062,
      0.0019998550415039062,
      0.0050013065338134766,
      0.0020008087158203125,
      0.00099945068359375,
      0.003000020980834961,
      0.003000974655151367,
      0.004000663757324219,
      0.0010001659393310547,
      0.001001119613647461,
