{
  "experiment_name": "mentaliot_compass_4shot_hybridblend_cot_seed42",
  "seed": 42,
  "num_samples": 200,
  "step_timings": {
    "loading": [
      0.005100917816162109
    ],
    "test_sampling": [
      0.011902141571044921
    ],
    "feature_engineering": [
      0.0,
      0.0,
      0.0,
      0.0,
      0.0010013580322265625,
      0.0009996891021728516,
      0.0,
      0.0,
      0.0,
      0.0,
      0.0010006427764892578,
      0.0,
      0.0009999275207519531,
      0.0,
      0.0,
      0.0,
      0.0,
      0.0,
      0.0,
      0.0,
      0.0010001659393310547,
      0.0,
      0.0,
      0.0,
      0.0,
      0.0,
      0.0,
      0.0,
      0.0,
      0.0010004043579101562,
      0.0,
      0.0,
      0.0,
      0.0,
      0.0,
      0.0,
      0.0,
      0.0,
      0.0,
      0.0,
      0.0,
      0.0,
      0.0,
      0.0,
      0.0,
      0.0,
      0.0,
      0.0,
      0.0009999275207519531,
      0.0,
      0.0,
      0.0,
      0.0,
      0.0,
      0.0,
      0.0,
      0.0,
      0.0009996891021728516,
      0.0,
      0.0009999275207519531,
      0.0,
      0.0010001659393310547,
      0.0010001659393310547,
      0.0,
      0.0,
      0.0,
      0.0,
      0.0,
      0.0,
      0.0,
      0.0,
      0.0010001659393310547,
      0.0,
      0.0,
      0.0,
      0.0,
      0.0,
      0.0,
      0.0,
      0.0,
      0.0,
      0.0,
      0.0010001659393310547,
      0.0,
      0.0,
      0.0,
      0.0,
      0.0,
      0.0,
      0.0,
      0.0,
      0.0,
      0.0,
      0.0,
      0.0,
      0.0,
      0.0010008811950683594,
      0.0009999275207519531,
      0.0,
      0.0,
      0.0,
      0.0,
      0.0,
      0.0,
      0.0,
      0.0,
      0.0,
      0.0,
      0.0,
      0.0,
      0.0,
      0.0,
      0.0,
      0.0,
      0.0,
      0.0,
      0.0,
      0.0,
      0.0,
      0.0,
      0.0,
      0.0,
      0.0,
      0.0,
      0.0,
      0.0,
      0.0009999275207519531,
      0.0,
      0.0,
      0.0,
      0.0,
      0.0,
      0.0,
      0.0,
      0.0010001659393310547,
      0.0,
      0.0,
      0.0,
      0.0,
      0.0010004043579101562,
      0.0,
      0.0,
      0.0,
      0.0,
      0.0,
      0.0,
      0.0,
      0.0,
      0.0,
      0.0,
      0.0010004043579101562,
      0.0,
      0.0,
      0.0,
      0.0,
      0.0009999275207519531,
      0.0,
      0.0,
      0.0,
      0.0,
      0.0,
      0.0,
      0.0,
      0.0,
      0.0,
      0.0,
      0.0,
      0.0009999275207519531,
      0.0,
      0.0010004043579101562,
      0.0,
      0.0,
      0.0,
      0.0,
      0.001001119613647461,
      0.0010001659393310547,
      0.0,
      0.0,
      0.0010001659393310547,
      0.0,
      0.0,
      0.0,
      0.0,
      0.0,
      0.0010001659393310547,
      0.0,
      0.0,
      0.0,
      0.0,
      0.0,
      0.0,
      0.0,
      0.0,
      0.0,
      0.0,
      0.0,
      0.0,
      0.0,
      0.0,
      0.0010006427764892578
    ],
    "icl_selection": [
      0.027006864547729492,
      0.025005578994750977,
      0.02800607681274414,
      0.02600574493408203,
      0.025004863739013672,
      0.025005340576171875,
      0.02300572395324707,
      0.02200460433959961,
      0.02800583839416504,
      0.024005889892578125,
      0.025005102157592773,
      0.034008026123046875,
      0.020004749298095703,
      0.02100372314453125,
      0.021004676818847656,
      0.0200045108795166,
      0.025007009506225586,
      0.020003080368041992,
      0.022005558013916016,
      0.021005868911743164,
      0.025005578994750977,
      0.02200460433959961,
      0.023005247116088867,
      0.026004552841186523,
      0.025006532669067383,
      0.03100752830505371,
      0.02300548553466797,
      0.02100396156311035,
      0.024005651473999023,
      0.02400517463684082,
      0.02200460433959961,
      0.0180051326751709,
      0.020003795623779297,
      0.02400517463684082,
      0.02200484275817871,
      0.021004915237426758,
      0.021005868911743164,
      0.0220029354095459,
      0.025007963180541992,
      0.022003173828125,
      0.01700425148010254,
      0.019004344940185547,
      0.019004106521606445,
      0.019003868103027344,
      0.018004417419433594,
      0.020004749298095703,
      0.016004085540771484,
      0.019003629684448242,
      0.019004106521606445,
      0.022005796432495117,
      0.01700305938720703,
      0.0200045108795166,
      0.021004915237426758,
      0.01900458335876465,
      0.0200040340423584,
      0.024006128311157227,
      0.02100396156311035,
      0.018004417419433594,
      0.02300548553466797,
      0.018004179000854492,
      0.021004676818847656,
      0.020004749298095703,
      0.0200042724609375,
      0.022005081176757812,
      0.019004344940185547,
      0.01800394058227539,
      0.01700425148010254,
      0.02100372314453125,
      0.022005796432495117,
      0.019004106521606445,
      0.02200484275817871,
      0.018004417419433594,
      0.0200042724609375,
      0.023005247116088867,
      0.0200045108795166,
      0.022005081176757812,
      0.018004179000854492,
      0.018004179000854492,
      0.022004127502441406,
      0.019005537033081055,
      0.019004344940185547,
      0.01900339126586914,
      0.02200484275817871,
      0.021004915237426758,
      0.021004438400268555,
      0.024005889892578125,
      0.020004987716674805,
      0.024004459381103516,
      0.02300548553466797,
      0.01800394058227539,
      0.024005413055419922,
      0.019004106521606445,
      0.0200045108795166,
      0.022005796432495117,
      0.019791603088378906,
      0.024683475494384766,
      0.021004438400268555,
      0.01800394058227539,
      0.02200484275817871,
      0.01800394058227539,
      0.021004915237426758,
      0.021004676818847656,
      0.02200484275817871,
      0.02100539207458496,
      0.023005008697509766,
      0.02200460433959961,
      0.018004655838012695,
      0.02200484275817871,
      0.020003795623779297,
      0.02200460433959961,
      0.019004344940185547,
      0.021005630493164062,
      0.02200460433959961,
      0.022004365921020508,
      0.018004655838012695,
      0.021004915237426758,
      0.020003795623779297,
      0.022005081176757812,
      0.021004676818847656,
      0.022005558013916016,
      0.02300429344177246,
      0.021004676818847656,
      0.02300429344177246,
      0.018004179000854492,
      0.023006439208984375,
      0.020003318786621094,
      0.021004915237426758,
      0.01800394058227539,
      0.0200045108795166,
      0.019004344940185547,
      0.017004013061523438,
      0.021004676818847656,
      0.021004676818847656,
      0.019005537033081055,
      0.022003650665283203,
      0.022005081176757812,
      0.0200042724609375,
      0.018004417419433594,
      0.020004987716674805,
      0.02100396156311035,
      0.02200484275817871,
      0.023005247116088867,
      0.021004676818847656,
      0.023005247116088867,
      0.021004438400268555,
      0.018004655838012695,
      0.021004676818847656,
      0.021004676818847656,
      0.02200484275817871,
      0.018004179000854492,
      0.016004085540771484,
      0.019003868103027344,
      0.019004344940185547,
      0.01800370216369629,
      0.019004106521606445,
      0.021004915237426758,
      0.02300548553466797,
      0.02200460433959961,
      0.01900458335876465,
      0.024004697799682617,
      0.019005298614501953,
      0.021004438400268555,
      0.023004770278930664,
      0.023004531860351562,
      0.024005651473999023,
      0.023005247116088867,
      0.023006677627563477,
      0.023005008697509766,
      0.022004365921020508,
      0.022005558013916016,
      0.0200045108795166,
      0.018004179000854492,
      0.023005008697509766,
      0.0200045108795166,
      0.019004106521606445,
      0.022004127502441406,
      0.0200045108795166,
      0.0200045108795166,
      0.019004344940185547,
      0.020004749298095703,
      0.0200040340423584,
      0.024005651473999023,
