{
  "experiment_name": "globem_compass_4shot_hybrid_random_seed42",
  "seed": 42,
  "num_samples": 414,
  "step_timings": {
    "data_sampling": [
      6.048593997955322
    ],
    "icl_selection": [
      0.010002851486206055,
      0.012002706527709961,
      0.06201529502868652,
      0.007000446319580078,
      0.012002944946289062,
      0.060013771057128906,
      0.008000373840332031,
      0.011002779006958008,
      0.059014081954956055,
      0.007001638412475586,
      0.01200246810913086,
      0.06501507759094238,
      0.006999969482421875,
      0.011003971099853516,
      0.0600132942199707,
      0.00700068473815918,
      0.011002540588378906,
      0.059014320373535156,
      0.006000995635986328,
      0.010002613067626953,
      0.0600132942199707,
      0.008002758026123047,
      0.011001825332641602,
      0.05879783630371094,
      0.007584571838378906,
      0.011003971099853516,
      0.06101369857788086,
      0.006000995635986328,
      0.010001897811889648,
      0.06001400947570801,
      0.007001161575317383,
      0.011001110076904297,
      0.06001448631286621,
      0.008002996444702148,
      0.010001182556152344,
      0.060013532638549805,
      0.007001399993896484,
      0.011002063751220703,
      0.05901360511779785,
      0.007000923156738281,
      0.01100301742553711,
      0.05901336669921875,
      0.007001399993896484,
      0.010001659393310547,
      0.05901312828063965,
      0.007001638412475586,
      0.012002229690551758,
      0.06101346015930176,
      0.007001161575317383,
      0.010001897811889648,
      0.0600130558013916,
      0.007002353668212891,
      0.011001825332641602,
      0.06301379203796387,
      0.007002115249633789,
      0.010001659393310547,
      0.05901360511779785,
      0.00700068473815918,
      0.011003255844116211,
      0.0600128173828125,
      0.007001638412475586,
      0.011002063751220703,
      0.060013532638549805,
      0.00800180435180664,
      0.01000213623046875,
      0.060013532638549805,
      0.007000923156738281,
      0.012003421783447266,
      0.06101369857788086,
      0.008002042770385742,
      0.011002302169799805,
      0.06101417541503906,
      0.007002592086791992,
      0.011001825332641602,
      0.0600130558013916,
      0.008002042770385742,
      0.010001897811889648,
      0.0600128173828125,
      0.007002115249633789,
      0.011002063751220703,
      0.060013771057128906,
      0.007002115249633789,
      0.0110015869140625,
      0.05901360511779785,
      0.007002592086791992,
      0.0110015869140625,
      0.06101346015930176,
      0.0070018768310546875,
      0.011001825332641602,
      0.06001424789428711,
      0.007000446319580078,
      0.01100301742553711,
      0.0600132942199707,
      0.007000923156738281,
      0.012003660202026367,
      0.060013532638549805,
      0.007001399993896484,
      0.012002229690551758,
      0.06101369857788086,
      0.006000995635986328,
      0.011003255844116211,
      0.06301403045654297,
      0.00700068473815918,
      0.011002779006958008,
      0.06201457977294922,
      0.007002115249633789,
      0.0110015869140625,
      0.061014413833618164,
      0.007000923156738281,
      0.0110015869140625,
      0.060013771057128906,
      0.007002353668212891,
      0.011001825332641602,
      0.0600132942199707,
      0.007002592086791992,
      0.011001825332641602,
      0.0600130558013916,
      0.007001399993896484,
      0.011002779006958008,
      0.06201362609863281,
      0.007002592086791992,
      0.0110015869140625,
      0.05901336669921875,
      0.007001638412475586,
      0.0110015869140625,
      0.060013771057128906,
      0.007002592086791992,
      0.011001348495483398,
      0.0600130558013916,
      0.007001161575317383,
      0.011001825332641602,
      0.0600125789642334,
      0.007000446319580078,
      0.012002706527709961,
      0.060013771057128906,
      0.007002353668212891,
      0.011002302169799805,
      0.061012983322143555,
      0.009002685546875,
      0.011001825332641602,
      0.05901193618774414,
      0.007001161575317383,
      0.0110015869140625,
      0.06001424789428711,
      0.007002592086791992,
      0.011002063751220703,
      0.06301403045654297,
      0.007001161575317383,
      0.011002063751220703,
      0.059012413024902344,
      0.007001161575317383,
      0.011004209518432617,
      0.06101274490356445,
      0.0070018768310546875,
      0.011002302169799805,
      0.061013221740722656,
      0.007001638412475586,
      0.011002779006958008,
      0.0600128173828125,
      0.007002115249633789,
      0.010001420974731445,
      0.05901312828063965,
      0.007002115249633789,
      0.011001825332641602,
      0.0600132942199707,
      0.007000923156738281,
      0.012003898620605469,
      0.05901360511779785,
      0.007001161575317383,
      0.011002302169799805,
      0.05901288986206055,
      0.007001638412475586,
      0.011002302169799805,
      0.0600130558013916,
      0.007001399993896484,
      0.011002063751220703,
      0.05901336669921875,
      0.007002592086791992,
      0.010001897811889648,
      0.058013200759887695,
      0.007002353668212891,
      0.012001991271972656,
      0.061013221740722656,
      0.007000446319580078,
      0.011003494262695312,
      0.0600125789642334,
      0.0070018768310546875,
      0.011003494262695312,
      0.0600123405456543,
      0.007001399993896484,
      0.01100301742553711,
      0.058012962341308594,
      0.008002281188964844,
      0.011002540588378906,
      0.060013532638549805,
      0.00700068473815918,
      0.012002944946289062,
      0.060013532638549805,
      0.0070018768310546875,
      0.011001825332641602,
      0.05901312828063965,
      0.007000923156738281,
      0.01100301742553711,
      0.0600132942199707,
      0.007001638412475586,
      0.011002779006958008,
      0.060013771057128906,
      0.008001327514648438,
      0.011003494262695312,
      0.0600125789642334,
      0.007001399993896484,
      0.011003732681274414,
      0.0600125789642334,
      0.007000923156738281,
      0.011003494262695312,
      0.0600128173828125,
      0.007002115249633789,
      0.01100301742553711,
      0.0600128173828125,
      0.008001089096069336,
      0.011002302169799805,
      0.0600132942199707,
      0.00700068473815918,
      0.01100301742553711,
      0.05901312828063965,
      0.007002115249633789,
      0.011001825332641602,
      0.060013771057128906,
      0.007000923156738281,
      0.011002779006958008,
      0.05901288986206055,
      0.007001638412475586,
      0.011002063751220703,
      0.0600132942199707,
      0.007003307342529297,
      0.011152982711791992,
      0.061341047286987305,
      0.0070018768310546875,
      0.011002540588378906,
      0.06101369857788086,
      0.0070018768310546875,
      0.011002063751220703,
      0.062013864517211914,
      0.007001399993896484,
      0.011002540588378906,
      0.061220645904541016,
      0.007001638412475586,
      0.011002302169799805,
      0.060013532638549805,
      0.00700068473815918,
      0.011003494262695312,
      0.05901336669921875,
      0.0070018768310546875,
      0.011001110076904297,
      0.06001472473144531,
      0.00700068473815918,
      0.011002779006958008,
      0.06101346015930176,
      0.007001638412475586,
      0.0110015869140625,
      0.060013771057128906,
      0.007002592086791992,
      0.0110015869140625,
      0.05901336669921875,
      0.007002115249633789,
      0.011002302169799805,
      0.06101393699645996,
      0.006001472473144531,
      0.010001659393310547,
      0.05901312828063965,
      0.007001161575317383,
      0.011002540588378906,
      0.05901288986206055,
      0.007001161575317383,
      0.011003255844116211,
      0.05801248550415039,
      0.007002353668212891,
      0.0110015869140625,
      0.060013771057128906,
      0.0070018768310546875,
      0.011002540588378906,
      0.0600130558013916,
