{
  "experiment_name": "mentaliot_compass_4shot_personalrecent_cot_seed42",
  "seed": 42,
  "num_samples": 200,
  "step_timings": {
    "loading": [
      0.004801154136657715
    ],
    "test_sampling": [
      0.011202692985534668
    ],
    "feature_engineering": [
      0.0,
      0.0,
      0.0,
      0.0,
      0.0,
      0.0,
      0.0,
      0.0,
      0.0009999275207519531,
      0.0,
      0.0,
      0.0,
      0.0,
      0.0,
      0.00099945068359375,
      0.0,
      0.0,
      0.0,
      0.0,
      0.0,
      0.0,
      0.0,
      0.0,
      0.0010001659393310547,
      0.0,
      0.0,
      0.0,
      0.0,
      0.001001119613647461,
      0.0,
      0.0009999275207519531,
      0.0,
      0.0009999275207519531,
      0.0,
      0.0,
      0.0,
      0.0,
      0.0,
      0.0010004043579101562,
      0.0,
      0.0,
      0.0,
      0.0,
      0.0,
      0.0,
      0.00099945068359375,
      0.0,
      0.0,
      0.0,
      0.0,
      0.0,
      0.0,
      0.0,
      0.0,
      0.0,
      0.0,
      0.0,
      0.0,
      0.0,
      0.0,
      0.0,
      0.0010006427764892578,
      0.0,
      0.0,
      0.0,
      0.0,
      0.0,
      0.0,
      0.0,
      0.0,
      0.0,
      0.0,
      0.0,
      0.0009996891021728516,
      0.0,
      0.0,
      0.0,
      0.0,
      0.0,
      0.0,
      0.0,
      0.0010001659393310547,
      0.0,
      0.0,
      0.0009996891021728516,
      0.0,
      0.0,
      0.0,
      0.0,
      0.0,
      0.0,
      0.0,
      0.0,
      0.0,
      0.0,
      0.0009999275207519531,
      0.0,
      0.0,
      0.0,
      0.0,
      0.0,
      0.0,
      0.0,
      0.0,
      0.0,
      0.0,
      0.0,
      0.0009992122650146484,
      0.0,
      0.0,
      0.0,
      0.0,
      0.0,
      0.0,
      0.0,
      0.0,
      0.0,
      0.0,
      0.0,
      0.0,
      0.0,
      0.0,
      0.0,
      0.0010001659393310547,
      0.0,
      0.0,
      0.0,
      0.0010001659393310547,
      0.0,
      0.0,
      0.0,
      0.0,
      0.0,
      0.0,
      0.0010001659393310547,
      0.0,
      0.0,
      0.0,
      0.0,
      0.0,
      0.0,
      0.00099945068359375,
      0.0,
      0.0009999275207519531,
      0.0,
      0.0,
      0.0,
      0.0,
      0.0,
      0.0,
      0.0010001659393310547,
      0.0010006427764892578,
      0.0,
      0.0,
      0.0,
      0.0,
      0.0,
      0.0,
      0.0,
      0.0010001659393310547,
      0.0,
      0.0,
      0.0,
      0.0,
      0.0,
      0.0009999275207519531,
      0.0,
      0.0,
      0.0,
      0.0010001659393310547,
      0.0,
      0.0,
      0.0,
      0.0,
      0.0,
      0.0,
      0.0,
      0.0,
      0.0,
      0.0,
      0.0,
      0.0,
      0.0,
      0.0,
      0.0,
      0.0010001659393310547,
      0.0,
      0.0,
      0.0,
      0.0010001659393310547,
      0.0010004043579101562,
      0.0010004043579101562,
      0.0,
      0.0,
      0.0,
      0.0,
      0.0,
      0.0010001659393310547,
      0.0,
      0.0
    ],
    "icl_selection": [
      0.016004085540771484,
      0.019004106521606445,
      0.0200045108795166,
      0.021004676818847656,
      0.0200045108795166,
      0.021004915237426758,
      0.01800394058227539,
      0.017003774642944336,
      0.019004344940185547,
      0.016003847122192383,
      0.02100515365600586,
      0.021004199981689453,
      0.013003110885620117,
      0.017003536224365234,
      0.01800537109375,
      0.0200045108795166,
      0.02200484275817871,
      0.016002655029296875,
      0.0180056095123291,
      0.01900482177734375,
      0.022004127502441406,
      0.018003225326538086,
      0.019004106521606445,
      0.022003650665283203,
      0.02200627326965332,
      0.022005558013916016,
      0.028006553649902344,
      0.021004676818847656,
      0.024006128311157227,
      0.02600550651550293,
      0.025005578994750977,
      0.021004199981689453,
      0.02000594139099121,
      0.023004770278930664,
      0.02900552749633789,
      0.025007009506225586,
      0.02300429344177246,
      0.022005319595336914,
      0.027005434036254883,
      0.022005558013916016,
      0.015002965927124023,
      0.016004085540771484,
      0.017977237701416016,
      0.017003774642944336,
      0.016278743743896484,
      0.018004655838012695,
      0.015003442764282227,
      0.01800537109375,
      0.017003297805786133,
      0.022005319595336914,
      0.013001680374145508,
      0.017003774642944336,
      0.018004894256591797,
      0.012001752853393555,
      0.01800394058227539,
      0.022006988525390625,
      0.01900315284729004,
      0.014002561569213867,
      0.02100515365600586,
      0.012001991271972656,
      0.02100539207458496,
      0.01900458335876465,
      0.021004199981689453,
      0.022004365921020508,
      0.017003536224365234,
      0.018004894256591797,
      0.012001991271972656,
      0.02100539207458496,
      0.02100515365600586,
      0.01800370216369629,
      0.021004676818847656,
      0.012001991271972656,
      0.018004655838012695,
      0.02100539207458496,
      0.017003536224365234,
      0.021004676818847656,
      0.018004179000854492,
      0.01700425148010254,
      0.021004438400268555,
      0.018004179000854492,
      0.017003774642944336,
      0.017003536224365234,
      0.022005081176757812,
      0.021004438400268555,
      0.021006107330322266,
      0.021004199981689453,
      0.017004013061523438,
      0.021004676818847656,
      0.021004438400268555,
      0.016002893447875977,
      0.021005630493164062,
      0.017003536224365234,
      0.018004179000854492,
      0.021004676818847656,
      0.018004417419433594,
      0.021004438400268555,
      0.021004915237426758,
      0.01700425148010254,
      0.022004365921020508,
      0.017003774642944336,
      0.02100515365600586,
      0.0200042724609375,
      0.021004915237426758,
      0.021004438400268555,
      0.021004915237426758,
      0.02100539207458496,
      0.01600337028503418,
      0.021004915237426758,
      0.021004438400268555,
      0.021004915237426758,
      0.01700425148010254,
      0.018004417419433594,
      0.017003536224365234,
      0.018004417419433594,
      0.006001472473144531,
      0.01700448989868164,
      0.018003463745117188,
      0.018004179000854492,
      0.018004179000854492,
      0.017003774642944336,
      0.02200484275817871,
      0.017003774642944336,
      0.021004676818847656,
      0.017004013061523438,
      0.02100372314453125,
      0.012002944946289062,
      0.018004179000854492,
      0.01600360870361328,
      0.016004085540771484,
      0.018003463745117188,
      0.00800180435180664,
      0.01700425148010254,
      0.017004013061523438,
      0.009001970291137695,
      0.017003297805786133,
      0.017003774642944336,
      0.017003774642944336,
      0.009001970291137695,
      0.01800394058227539,
      0.017003774642944336,
      0.02300429344177246,
      0.021005630493164062,
      0.0200045108795166,
      0.021004915237426758,
      0.0200045108795166,
      0.017003774642944336,
      0.021004915237426758,
      0.0200042724609375,
      0.021004676818847656,
      0.017004013061523438,
      0.01600360870361328,
      0.01600337028503418,
      0.017003536224365234,
      0.01600337028503418,
      0.016004085540771484,
      0.0200040340423584,
      0.020004749298095703,
      0.021004438400268555,
      0.017003774642944336,
      0.0200042724609375,
      0.01700448989868164,
      0.021004199981689453,
      0.021004199981689453,
      0.022005558013916016,
      0.021004676818847656,
      0.02100515365600586,
      0.021004676818847656,
      0.02100515365600586,
      0.021004438400268555,
      0.021004438400268555,
      0.01700448989868164,
      0.016002893447875977,
      0.0200045108795166,
      0.01700425148010254,
      0.01200246810913086,
      0.019004344940185547,
      0.01800394058227539,
      0.017003774642944336,
      0.012003183364868164,
      0.017003536224365234,
