{
  "experiment_name": "mentaliot_compass_4shot_crossrandom_selffeedback_seed42",
  "seed": 42,
  "num_samples": 200,
  "step_timings": {
    "loading": [
      0.003232097625732422
    ],
    "test_sampling": [
      0.007541561126708984
    ],
    "feature_engineering": [
      0.0001361370086669922,
      8.034706115722656e-05,
      8.392333984375e-05,
      8.0108642578125e-05,
      8.511543273925781e-05,
      8.106231689453125e-05,
      8.273124694824219e-05,
      8.487701416015625e-05,
      8.606910705566406e-05,
      7.987022399902344e-05,
      7.867813110351562e-05,
      8.225440979003906e-05,
      0.00011801719665527344,
      8.702278137207031e-05,
      7.987022399902344e-05,
      8.678436279296875e-05,
      7.987022399902344e-05,
      0.0001232624053955078,
      8.535385131835938e-05,
      8.0108642578125e-05,
      7.963180541992188e-05,
      8.0108642578125e-05,
      8.273124694824219e-05,
      8.440017700195312e-05,
      8.0108642578125e-05,
      8.916854858398438e-05,
      8.034706115722656e-05,
      7.987022399902344e-05,
      8.0108642578125e-05,
      8.249282836914062e-05,
      8.559226989746094e-05,
      7.867813110351562e-05,
      7.963180541992188e-05,
      8.106231689453125e-05,
      7.963180541992188e-05,
      7.915496826171875e-05,
      8.416175842285156e-05,
      8.082389831542969e-05,
      8.702278137207031e-05,
      8.058547973632812e-05,
      8.344650268554688e-05,
      7.963180541992188e-05,
      8.0108642578125e-05,
      8.034706115722656e-05,
      8.296966552734375e-05,
      8.153915405273438e-05,
      8.225440979003906e-05,
      7.843971252441406e-05,
      0.00013899803161621094,
      8.416175842285156e-05,
      0.00011610984802246094,
      7.963180541992188e-05,
      8.893013000488281e-05,
      0.00012087821960449219,
      8.511543273925781e-05,
      8.630752563476562e-05,
      8.225440979003906e-05,
      0.00011587142944335938,
      8.463859558105469e-05,
      8.463859558105469e-05,
      8.106231689453125e-05,
      8.0108642578125e-05,
      8.0108642578125e-05,
      7.867813110351562e-05,
      8.392333984375e-05,
      0.00011754035949707031,
      7.796287536621094e-05,
      8.296966552734375e-05,
      8.916854858398438e-05,
      0.00012803077697753906,
      7.987022399902344e-05,
      0.00012135505676269531,
      8.034706115722656e-05,
      7.963180541992188e-05,
      7.915496826171875e-05,
      7.915496826171875e-05,
      8.416175842285156e-05,
      8.368492126464844e-05,
      8.058547973632812e-05,
      8.225440979003906e-05,
      0.00011539459228515625,
      7.963180541992188e-05,
      8.416175842285156e-05,
      8.034706115722656e-05,
      8.535385131835938e-05,
      8.0108642578125e-05,
      8.034706115722656e-05,
      8.416175842285156e-05,
      8.606910705566406e-05,
      0.0001270771026611328,
      7.987022399902344e-05,
      0.00012159347534179688,
      8.535385131835938e-05,
      7.963180541992188e-05,
      8.440017700195312e-05,
      7.987022399902344e-05,
      7.987022399902344e-05,
      0.00011754035949707031,
      8.249282836914062e-05,
      0.00011944770812988281,
      8.034706115722656e-05,
      7.963180541992188e-05,
      7.915496826171875e-05,
      8.463859558105469e-05,
      8.392333984375e-05,
      7.987022399902344e-05,
      8.034706115722656e-05,
      8.440017700195312e-05,
      8.082389831542969e-05,
      8.344650268554688e-05,
      8.678436279296875e-05,
      7.963180541992188e-05,
      8.463859558105469e-05,
      7.963180541992188e-05,
      8.058547973632812e-05,
      8.20159912109375e-05,
      8.368492126464844e-05,
      8.177757263183594e-05,
      8.082389831542969e-05,
      8.034706115722656e-05,
      8.416175842285156e-05,
      8.273124694824219e-05,
      7.772445678710938e-05,
      8.249282836914062e-05,
      7.939338684082031e-05,
      8.106231689453125e-05,
      7.939338684082031e-05,
      8.273124694824219e-05,
      8.58306884765625e-05,
      8.654594421386719e-05,
      8.392333984375e-05,
      8.320808410644531e-05,
      8.392333984375e-05,
      8.320808410644531e-05,
      7.963180541992188e-05,
      8.034706115722656e-05,
      8.487701416015625e-05,
      7.891654968261719e-05,
      7.987022399902344e-05,
      8.034706115722656e-05,
      8.463859558105469e-05,
      7.724761962890625e-05,
      7.987022399902344e-05,
      7.915496826171875e-05,
      8.034706115722656e-05,
      0.0001201629638671875,
      8.273124694824219e-05,
      8.296966552734375e-05,
      7.772445678710938e-05,
      8.082389831542969e-05,
      0.00011658668518066406,
      8.058547973632812e-05,
      8.058547973632812e-05,
      7.843971252441406e-05,
      0.00011515617370605469,
      8.344650268554688e-05,
      8.082389831542969e-05,
      7.867813110351562e-05,
      7.915496826171875e-05,
      8.320808410644531e-05,
      7.843971252441406e-05,
      8.416175842285156e-05,
      7.82012939453125e-05,
      9.703636169433594e-05,
      7.843971252441406e-05,
      8.082389831542969e-05,
      7.963180541992188e-05,
      8.463859558105469e-05,
      8.344650268554688e-05,
      8.392333984375e-05,
      8.368492126464844e-05,
      8.487701416015625e-05,
      7.915496826171875e-05,
      7.987022399902344e-05,
      8.320808410644531e-05,
      7.939338684082031e-05,
      8.344650268554688e-05,
      8.20159912109375e-05,
      8.320808410644531e-05,
      8.487701416015625e-05,
      8.58306884765625e-05,
      7.796287536621094e-05,
      7.987022399902344e-05,
      7.82012939453125e-05,
      8.106231689453125e-05,
      0.00011563301086425781,
      8.392333984375e-05,
      8.344650268554688e-05,
      0.00011467933654785156,
      7.915496826171875e-05,
      7.939338684082031e-05,
      7.724761962890625e-05,
      8.20159912109375e-05,
      7.939338684082031e-05,
      7.843971252441406e-05,
      8.296966552734375e-05,
      8.678436279296875e-05,
      8.654594421386719e-05,
      8.678436279296875e-05,
      8.296966552734375e-05
    ],