{
  "experiment_name": "globem_compass_4shot_personalized_random_seed42",
  "seed": 42,
  "num_samples": 414,
  "step_timings": {
    "data_sampling": [
      6.023701190948486
    ],
    "icl_selection": [
      0.0010001659393310547,
      0.0010004043579101562,
      0.0,
      0.0010001659393310547,
      0.0,
      0.0009999275207519531,
      0.0010006427764892578,
      0.0,
      0.0010001659393310547,
      0.0,
      0.0009996891021728516,
      0.0,
      0.0010004043579101562,
      0.0,
      0.0,
      0.0010006427764892578,
      0.0,
      0.0010004043579101562,
      0.0,
      0.00099945068359375,
      0.0,
      0.0010001659393310547,
      0.0,
      0.0010013580322265625,
      0.0,
      0.0009999275207519531,
      0.0,
      0.0,
      0.0,
      0.0,
      0.0,
      0.0,
      0.0010004043579101562,
      0.0,
      0.0010001659393310547,
      0.0,
      0.0010008811950683594,
      0.0,
      0.00099945068359375,
      0.0,
      0.0,
      0.0009677410125732422,
      0.0,
      0.001001119613647461,
      0.0,
      0.0010004043579101562,
      0.0,
      0.0009999275207519531,
      0.0,
      0.0,
      0.0009996891021728516,
      0.0,
      0.0010008811950683594,
      0.0,
      0.0010004043579101562,
      0.0,
      0.0010001659393310547,
      0.0,
      0.0,
      0.0,
      0.0,
      0.0,
      0.0,
      0.0010006427764892578,
      0.0,
      0.0,
      0.0010013580322265625,
      0.0,
      0.0009999275207519531,
      0.0,
      0.0009999275207519531,
      0.0,
      0.0010001659393310547,
      0.0,
      0.0009996891021728516,
      0.0,
      0.0010008811950683594,
      0.0,
      0.0009999275207519531,
      0.0009992122650146484,
      0.0,
      0.0010008811950683594,
      0.0,
      0.0010006427764892578,
      0.0,
      0.0009996891021728516,
      0.0,
      0.0,
      0.0,
      0.0,
      0.0010004043579101562,
      0.0,
      0.0010001659393310547,
      0.0,
      0.0010001659393310547,
      0.0,
      0.0010008811950683594,
      0.0,
      0.0,
      0.001001119613647461,
      0.0,
      0.0,
      0.0,
      0.0,
      0.0,
      0.0,
      0.0009992122650146484,
      0.0,
      0.001001119613647461,
      0.0,
      0.0009996891021728516,
      0.0,
      0.0,
      0.0,
      0.0,
      0.0009999275207519531,
      0.0,
      0.00099945068359375,
      0.0,
      0.0010006427764892578,
      0.0,
      0.0,
      0.0,
      0.0,
      0.0,
      0.0010001659393310547,
      0.0,
      0.0,
      0.0010001659393310547,
      0.0,
      0.0,
      0.0010001659393310547,
      0.0,
      0.0010001659393310547,
      0.0,
      0.0009996891021728516,
      0.001001119613647461,
      0.0,
      0.0009999275207519531,
      0.0,
      0.0009996891021728516,
      0.0,
      0.0,
      0.0010008811950683594,
      0.0,
      0.00099945068359375,
      0.0,
      0.0010001659393310547,
      0.0,
      0.0010004043579101562,
      0.0,
      0.0010004043579101562,
      0.0,
      0.0010001659393310547,
      0.0,
      0.0010001659393310547,
      0.0,
      0.0,
      0.0010001659393310547,
      0.0,
      0.0010001659393310547,
      0.0,
      0.0010001659393310547,
      0.0,
      0.0009999275207519531,
      0.0,
      0.0,
      0.0010001659393310547,
      0.0,
      0.0010001659393310547,
      0.0,
      0.0010001659393310547,
      0.0,
      0.0,
      0.0,
      0.0,
      0.0,
      0.0,
      0.0,
      0.0,
      0.0010001659393310547,
      0.0,
      0.0010004043579101562,
      0.0,
      0.0010004043579101562,
      0.0,
      0.0009999275207519531,
      0.0,
      0.0,
      0.0,
      0.0,
      0.0,
      0.0,
      0.0,
      0.0,
      0.0,
      0.0,
      0.0010006427764892578,
      0.0,
      0.0009996891021728516,
      0.0,
      0.0,
      0.0009999275207519531,
      0.0,
      0.0009999275207519531,
      0.0,
      0.0010004043579101562,
      0.0,
      0.0009999275207519531,
      0.0,
      0.0,
      0.0,
      0.0009996891021728516,
      0.0,
      0.0010008811950683594,
      0.0,
      0.0009999275207519531,
      0.0,
      0.0,
      0.0,
      0.0,
      0.0,
      0.0,
      0.0,
      0.0,
      0.0,
      0.0,
      0.0010004043579101562,
      0.0,
      0.0010006427764892578,
      0.0,
      0.0009996891021728516,
      0.0,
      0.0010006427764892578,
      0.0,
      0.0010001659393310547,
      0.0,
      0.0,
      0.0,
      0.0,
      0.0,
      0.0,
      0.0010004043579101562,
      0.0,
      0.0010004043579101562,
      0.0,
      0.0009999275207519531,
      0.0,
      0.0010004043579101562,
      0.0,
      0.0010001659393310547,
      0.0,
      0.0010004043579101562,
      0.0,
      0.0009999275207519531,
      0.0,
      0.0010001659393310547,
      0.0,
      0.0010013580322265625,
      0.0,
      0.0,
      0.0,
      0.0,
      0.0009999275207519531,
      0.0,
      0.0010001659393310547,
      0.0,
      0.0010004043579101562,
      0.0,
      0.0010004043579101562,
      0.0,
      0.0009999275207519531,
      0.0,
      0.0010006427764892578,
      0.0009992122650146484,
      0.0,
      0.001001119613647461,
      0.0,
      0.0010001659393310547,
      0.0,
      0.0010004043579101562,
      0.0,
      0.0,
      0.0010008811950683594,
      0.0,
      0.0010004043579101562,
      0.0,
      0.0009996891021728516,
      0.0,
      0.0009999275207519531,
      0.0,
      0.0010006427764892578,
      0.0,
      0.0010006427764892578,
      0.0,
      0.0009999275207519531,
      0.0,
      0.0010004043579101562,
      0.0,
      0.0,
      0.00099945068359375,
      0.0,
      0.0010008811950683594,
      0.0,
      0.0009996891021728516,
      0.0,
      0.0010006427764892578,
      0.0,
      0.0010013580322265625,
      0.0,
      0.00099945068359375,
      0.0,
      0.0,
      0.0009999275207519531,
      0.0,
      0.0009999275207519531,
      0.0,
      0.0010001659393310547,
      0.0,
      0.0010001659393310547,
      0.0,
      0.0010006427764892578,
      0.0,
      0.0009999275207519531,
      0.0,
      0.0010008811950683594,
      0.0,
      0.0009996891021728516,
      0.0,
      0.0,
      0.0,
      0.0,
      0.0,
      0.0,
      0.0009996891021728516,
      0.0,
      0.0010020732879638672,
      0.0,
      0.0009989738464355469,
      0.0,
      0.0010004043579101562,
      0.0,
      0.0010001659393310547,
      0.0,
      0.0010004043579101562,
      0.0009996891021728516,
      0.0,
      0.0010004043579101562,
      0.0,
      0.0010004043579101562,
      0.0,
      0.0010001659393310547,
      0.0,
      0.0010004043579101562,
      0.0009999275207519531,
      0.0,
      0.0010004043579101562,
      0.0,
      0.0010004043579101562,
      0.0,
      0.0,
      0.0,
      0.0,
      0.0,
      0.0,
      0.0010004043579101562,
      0.0,
      0.0010013580322265625,
      0.0,
      0.0009989738464355469,
      0.0,
      0.0010006427764892578,
      0.0,
      0.0010001659393310547,
      0.0,
      0.0,
      0.0,
      0.0,
      0.0,
      0.0,
      0.0010001659393310547,
      0.0,
      0.0010004043579101562,
      0.0,
      0.0,
      0.0010006427764892578,
      0.0,
      0.0009999275207519531,
      0.0,
      0.0010004043579101562,
      0.0,
      0.0,
      0.0,
      0.0,
      0.0,
      0.0,
      0.0010004043579101562,
      0.0,
      0.0010004043579101562,
      0.0,
      0.0009996891021728516,
      0.0,
      0.0010006427764892578,
      0.0,
      0.0,
      0.0,
      0.0,
      0.0,
      0.0,
      0.0,
      0.0,
      0.0,
      0.0,
      0.0009992122650146484
    ],