dataset,target,mode,model,imputer,n_test_samples,accuracy,f1_macro,precision,recall,accuracy_ci,f1_macro_ci,precision_ci,recall_ci,time_seconds
ces,depression,gen,tabnet,simple,300,0.6266666666666667,0.4977278163118871,0.4991352251617449,0.4992389649923896,"[0.567, 0.683]","[0.440, 0.556]","[0.437, 0.565]","[0.447, 0.556]",1792.9247436523438
ces,depression,pers,tabnet,simple,300,0.7233333333333334,0.632737945987404,0.6406832298136645,0.6276847623879587,"[0.670, 0.773]","[0.568, 0.687]","[0.576, 0.701]","[0.566, 0.686]",4101.420119047165
ces,anxiety,gen,tabnet,simple,300,0.62,0.5252901004941425,0.5347261434217956,0.52810928850744,"[0.567, 0.673]","[0.468, 0.582]","[0.473, 0.598]","[0.478, 0.580]",1512.363894701004
ces,anxiety,pers,tabnet,simple,300,0.66,0.5843294935883504,0.5955555555555556,0.5818902036463359,"[0.610, 0.713]","[0.525, 0.643]","[0.534, 0.661]","[0.528, 0.640]",2386.4106040000916
ces,stress,gen,tabnet,simple,300,0.5633333333333334,0.5592144371291737,0.5696371024239877,0.5663138231631383,"[0.510, 0.617]","[0.505, 0.613]","[0.512, 0.626]","[0.512, 0.620]",1773.6134912967682
ces,stress,pers,tabnet,simple,300,0.6233333333333333,0.6232286746318423,0.6232499222187653,0.6233321473047501,"[0.570, 0.677]","[0.570, 0.673]","[0.572, 0.675]","[0.571, 0.675]",5127.616302490234
