dataset,target,mode,model,imputer,n_test_samples,accuracy,f1_macro,precision,recall,accuracy_ci,f1_macro_ci,precision_ci,recall_ci,time_seconds
ces,depression,gen,mlp,simple,300,0.66,0.5466666666666666,0.5505364201016375,0.5454084221207509,"[0.607, 0.713]","[0.485, 0.610]","[0.486, 0.617]","[0.488, 0.607]",640.1854538917542
ces,depression,pers,mlp,simple,300,0.7233333333333334,0.6389996375498369,0.6436857211193494,0.6354642313546424,"[0.670, 0.773]","[0.573, 0.693]","[0.578, 0.702]","[0.572, 0.691]",2380.5669803619385
ces,anxiety,gen,mlp,simple,300,0.6133333333333333,0.49757449757449757,0.5097404880793305,0.5070336702046621,"[0.557, 0.667]","[0.438, 0.553]","[0.440, 0.578]","[0.456, 0.556]",935.5994729995728
ces,anxiety,pers,mlp,simple,300,0.6733333333333333,0.5978112175102599,0.6122141089855773,0.59443400538317,"[0.623, 0.727]","[0.537, 0.658]","[0.547, 0.676]","[0.539, 0.653]",1976.7893204689026
ces,stress,gen,mlp,simple,300,0.5333333333333333,0.53125,0.5363984674329503,0.5354919053549191,"[0.477, 0.590]","[0.474, 0.587]","[0.479, 0.593]","[0.479, 0.591]",602.2349858283997
ces,stress,pers,mlp,simple,300,0.59,0.5898860794665185,0.5899151073381039,0.589975093399751,"[0.537, 0.643]","[0.537, 0.643]","[0.538, 0.643]","[0.538, 0.643]",1153.947539806366
