dataset,target,mode,model,imputer,n_test_samples,accuracy,f1_macro,precision,recall,accuracy_ci,f1_macro_ci,precision_ci,recall_ci,time_seconds
globem,depression,gen,random_forest,simple,414,0.8285024154589372,0.46667876258731744,0.4648954536735085,0.49138418079096047,"[0.795, 0.862]","[0.445, 0.501]","[0.414, 0.558]","[0.476, 0.514]",30.621602296829224
globem,depression,pers,random_forest,simple,414,0.8526570048309179,0.4602346805736636,0.42736077481840196,0.4985875706214689,"[0.816, 0.884]","[0.449, 0.469]","[0.409, 0.444]","[0.496, 0.500]",526.3203551769257
globem,anxiety,gen,random_forest,simple,414,0.7198067632850241,0.5014119601328904,0.5016693163751987,0.501828631138976,"[0.676, 0.763]","[0.454, 0.550]","[0.456, 0.550]","[0.452, 0.553]",28.033713340759277
globem,anxiety,pers,random_forest,simple,414,0.717391304347826,0.5896301944338543,0.5854700854700854,0.6293103448275862,"[0.671, 0.763]","[0.539, 0.646]","[0.544, 0.633]","[0.567, 0.699]",433.0800166130066
