dataset,target,mode,model,imputer,n_test_samples,accuracy,f1_macro,precision,recall,accuracy_ci,f1_macro_ci,precision_ci,recall_ci,time_seconds
mentaliot,depression,gen,random_forest,simple,200,0.785,0.48164667590862514,0.5168702734147761,0.5047108512020793,"[0.725, 0.840]","[0.429, 0.543]","[0.390, 0.677]","[0.470, 0.545]",20.197925329208374
mentaliot,depression,pers,random_forest,simple,200,0.835,0.6021939605810379,0.8077370564281559,0.5859324236517218,"[0.785, 0.890]","[0.506, 0.697]","[0.641, 0.929]","[0.526, 0.657]",194.78985452651978
mentaliot,anxiety,gen,random_forest,simple,200,0.785,0.4616588419405321,0.4605263157894737,0.487012987012987,"[0.725, 0.840]","[0.425, 0.515]","[0.389, 0.577]","[0.459, 0.520]",18.289274215698242
mentaliot,anxiety,pers,random_forest,simple,200,0.81,0.5148110316649642,0.5828970331588132,0.5246753246753246,"[0.750, 0.865]","[0.443, 0.591]","[0.411, 0.761]","[0.482, 0.577]",235.44181180000305
mentaliot,stress,gen,random_forest,simple,200,0.58,0.5793269230769231,0.5793213892503253,0.5794486215538848,"[0.510, 0.650]","[0.509, 0.649]","[0.510, 0.650]","[0.510, 0.650]",42.59921884536743
mentaliot,stress,pers,random_forest,simple,200,0.69,0.6874684948079444,0.6899603295697284,0.687218045112782,"[0.630, 0.755]","[0.622, 0.752]","[0.626, 0.755]","[0.624, 0.753]",935.961324930191
