dataset,target,mode,model,imputer,n_test_samples,accuracy,f1_macro,precision,recall,accuracy_ci,f1_macro_ci,precision_ci,recall_ci,time_seconds
mentaliot,depression,gen,tabnet,simple,200,0.63,0.48546794604366567,0.4920634920634921,0.48960363872644574,"[0.565, 0.700]","[0.416, 0.555]","[0.431, 0.554]","[0.409, 0.572]",142.51908159255981
mentaliot,depression,pers,tabnet,simple,200,0.7,0.5629370629370629,0.56,0.5730994152046783,"[0.635, 0.755]","[0.480, 0.634]","[0.487, 0.629]","[0.484, 0.653]",200.55549335479736
mentaliot,anxiety,gen,tabnet,simple,200,0.69,0.515625,0.5161290322580645,0.5194805194805194,"[0.620, 0.750]","[0.446, 0.589]","[0.455, 0.586]","[0.443, 0.604]",140.59929084777832
mentaliot,anxiety,pers,tabnet,simple,200,0.75,0.585475045597745,0.5824175824175823,0.5896103896103896,"[0.690, 0.810]","[0.501, 0.663]","[0.502, 0.665]","[0.502, 0.671]",206.48035311698914
mentaliot,stress,gen,tabnet,simple,200,0.475,0.47021872398395514,0.4798387096774194,0.4809523809523809,"[0.405, 0.550]","[0.400, 0.542]","[0.410, 0.554]","[0.416, 0.552]",69.27740836143494
mentaliot,stress,pers,tabnet,simple,200,0.615,0.6145277965507747,0.619724025974026,0.618295739348371,"[0.545, 0.680]","[0.545, 0.680]","[0.553, 0.685]","[0.553, 0.683]",374.7607071399689
