dataset,target,mode,model,imputer,n_test_samples,accuracy,f1_macro,precision,recall,accuracy_ci,f1_macro_ci,precision_ci,recall_ci,time_seconds
mentaliot,depression,gen,mlp,simple,200,0.735,0.5462134509182757,0.5495372890582471,0.5443469785575049,"[0.670, 0.790]","[0.471, 0.619]","[0.471, 0.627]","[0.475, 0.617]",30.84716796875
mentaliot,depression,pers,mlp,simple,200,0.765,0.6062167483557455,0.60995670995671,0.6031513970110461,"[0.710, 0.820]","[0.525, 0.686]","[0.528, 0.698]","[0.525, 0.682]",51.82957077026367
mentaliot,anxiety,gen,mlp,simple,200,0.745,0.5315729047072331,0.5343137254901961,0.5303030303030303,"[0.680, 0.800]","[0.456, 0.606]","[0.455, 0.622]","[0.461, 0.606]",28.77516198158264
mentaliot,anxiety,pers,mlp,simple,200,0.74,0.5497835497835497,0.5497835497835497,0.5497835497835497,"[0.680, 0.800]","[0.474, 0.627]","[0.476, 0.629]","[0.475, 0.635]",29.297130584716797
mentaliot,stress,gen,mlp,simple,200,0.52,0.5198079231692677,0.5202520252025202,0.5203007518796992,"[0.450, 0.590]","[0.450, 0.587]","[0.453, 0.589]","[0.454, 0.590]",19.038620471954346
mentaliot,stress,pers,mlp,simple,200,0.605,0.6041985019664822,0.6041666666666667,0.6042606516290727,"[0.535, 0.670]","[0.534, 0.668]","[0.535, 0.669]","[0.535, 0.668]",36.078797578811646
