dataset,target,mode,model,imputer,n_test_samples,accuracy,f1_macro,precision,recall,accuracy_ci,f1_macro_ci,precision_ci,recall_ci,time_seconds
mentaliot,depression,gen,xgboost,simple,200,0.755,0.5260892693070265,0.5400393023827069,0.5264782326185835,"[0.695, 0.815]","[0.446, 0.597]","[0.440, 0.636]","[0.465, 0.588]",255.11026668548584
mentaliot,depression,pers,xgboost,simple,200,0.81,0.5932348533504603,0.6684782608695652,0.5805717998700455,"[0.755, 0.865]","[0.506, 0.683]","[0.541, 0.809]","[0.515, 0.655]",4137.245029211044
mentaliot,anxiety,gen,xgboost,simple,200,0.755,0.4494072700713523,0.4388586956521739,0.4688311688311688,"[0.690, 0.810]","[0.412, 0.499]","[0.385, 0.517]","[0.439, 0.508]",279.104927778244
mentaliot,anxiety,pers,xgboost,simple,200,0.81,0.5501893939393939,0.6120937885643768,0.5471861471861472,"[0.750, 0.865]","[0.467, 0.640]","[0.473, 0.762]","[0.489, 0.620]",3501.820187807083
mentaliot,stress,gen,xgboost,simple,200,0.585,0.5837408159683042,0.5838016860698514,0.5837092731829574,"[0.520, 0.655]","[0.515, 0.650]","[0.515, 0.652]","[0.515, 0.651]",175.2138011455536
mentaliot,stress,pers,xgboost,simple,200,0.645,0.64349376114082,0.6439210950080516,0.6433583959899749,"[0.575, 0.710]","[0.575, 0.710]","[0.577, 0.710]","[0.576, 0.710]",3178.255145072937
