{
  "experiment_name": "mentaliot_compass_4shot_crossrandom_cot_seed42",
  "seed": 42,
  "num_samples": 200,
  "step_timings": {
    "loading": [
      0.005701231956481934
    ],
    "test_sampling": [
      0.01330287456512451
    ],
    "feature_engineering": [
      0.0,
      0.0,
      0.0,
      0.0,
      0.0,
      0.0,
      0.0,
      0.0,
      0.0010004043579101562,
      0.0,
      0.0,
      0.0,
      0.0010001659393310547,
      0.0,
      0.0,
      0.0,
      0.0,
      0.0,
      0.0,
      0.0,
      0.0,
      0.0,
      0.0,
      0.0,
      0.0,
      0.0,
      0.0,
      0.0,
      0.0,
      0.0,
      0.0,
      0.0,
      0.0,
      0.0,
      0.0,
      0.0010001659393310547,
      0.0,
      0.0,
      0.0,
      0.0,
      0.0010004043579101562,
      0.0,
      0.0010006427764892578,
      0.0,
      0.0,
      0.0,
      0.0010006427764892578,
      0.0,
      0.0,
      0.0,
      0.0,
      0.0,
      0.0,
      0.0010001659393310547,
      0.0,
      0.0,
      0.0,
      0.0,
      0.0010006427764892578,
      0.0,
      0.0,
      0.0,
      0.0,
      0.0,
      0.0010001659393310547,
      0.0,
      0.0,
      0.0,
      0.0010006427764892578,
      0.0,
      0.0,
      0.0009996891021728516,
      0.0,
      0.0,
      0.0010008811950683594,
      0.0009996891021728516,
      0.0010001659393310547,
      0.0010004043579101562,
      0.0,
      0.0,
      0.0,
      0.0,
      0.0,
      0.0,
      0.0,
      0.0,
      0.0,
      0.0,
      0.0,
      0.0,
      0.0,
      0.0,
      0.0,
      0.0,
      0.0010001659393310547,
      0.0,
      0.0,
      0.0010001659393310547,
      0.0009999275207519531,
      0.0,
      0.0,
      0.0,
      0.0,
      0.0010004043579101562,
      0.0010004043579101562,
      0.0,
      0.0,
      0.0,
      0.0010006427764892578,
      0.0,
      0.0,
      0.0,
      0.0,
      0.0,
      0.0,
      0.0010001659393310547,
      0.0,
      0.0,
      0.0,
      0.0,
      0.0,
      0.0,
      0.0,
      0.0,
      0.0,
      0.0,
      0.0,
      0.0,
      0.0,
      0.0,
      0.0,
      0.0,
      0.0,
      0.0,
      0.0,
      0.0,
      0.0,
      0.0,
      0.0,
      0.0,
      0.00099945068359375,
      0.0,
      0.0,
      0.0010001659393310547,
      0.0,
      0.0,
      0.0,
      0.0,
      0.0,
      0.0,
      0.0,
      0.0,
      0.0,
      0.0,
      0.0,
      0.0010001659393310547,
      0.0,
      0.0,
      0.0,
      0.0,
      0.0,
      0.0,
      0.0,
      0.0,
      0.0,
      0.0,
      0.0,
      0.0,
      0.0,
      0.0009999275207519531,
      0.0,
      0.0,
      0.0010001659393310547,
      0.0,
      0.0,
      0.0,
      0.0,
      0.0,
      0.0,
      0.0,
      0.0,
      0.0,
      0.0,
      0.0,
      0.0,
      0.0,
      0.0,
      0.0,
      0.0,
      0.0,
      0.0010001659393310547,
      0.0,
      0.0,
      0.0,
      0.0,
      0.0,
      0.0,
      0.0,
      0.0,
      0.0
    ],
    "icl_selection": [
      0.0200045108795166,
      0.026006221771240234,
      0.026442527770996094,
      0.026684284210205078,
      0.026004791259765625,
      0.02300572395324707,
      0.024005413055419922,
      0.023005008697509766,
      0.020004749298095703,
      0.0200042724609375,
      0.023005247116088867,
      0.024005413055419922,
      0.015003681182861328,
      0.018003463745117188,
      0.020004987716674805,
      0.021004438400268555,
      0.02300548553466797,
      0.017003536224365234,
      0.02100515365600586,
      0.02100539207458496,
      0.02500462532043457,
      0.023005247116088867,
      0.023035526275634766,
      0.023975610733032227,
      0.023006200790405273,
      0.02500462532043457,
      0.021004676818847656,
      0.020003795623779297,
      0.02300548553466797,
      0.023004770278930664,
      0.020004749298095703,
      0.01700305938720703,
      0.01700448989868164,
      0.02100396156311035,
      0.0200045108795166,
      0.01900482177734375,
      0.020003795623779297,
      0.020004749298095703,
      0.021005868911743164,
      0.021004915237426758,
      0.016002893447875977,
      0.022004127502441406,
      0.021004915237426758,
      0.02100372314453125,
      0.017004728317260742,
      0.023004770278930664,
      0.016003131866455078,
      0.0200040340423584,
      0.017003774642944336,
      0.024005651473999023,
      0.015003442764282227,
      0.021004199981689453,
      0.02300572395324707,
      0.017003536224365234,
      0.02100515365600586,
      0.026005268096923828,
      0.022004365921020508,
      0.017005443572998047,
      0.022004365921020508,
      0.01900339126586914,
      0.01900458335876465,
      0.018004179000854492,
      0.02100515365600586,
      0.02200460433959961,
      0.01800394058227539,
      0.01400303840637207,
      0.01700425148010254,
      0.022004365921020508,
      0.021004915237426758,
      0.017003297805786133,
      0.022005319595336914,
      0.017003536224365234,
      0.020004987716674805,
      0.021004438400268555,
      0.021004199981689453,
      0.02100515365600586,
      0.018004179000854492,
      0.01800394058227539,
      0.02100515365600586,
      0.020003795623779297,
      0.017003774642944336,
      0.02200603485107422,
      0.02200484275817871,
      0.021004676818847656,
      0.01800394058227539,
      0.023004531860351562,
      0.019004106521606445,
      0.02200460433959961,
      0.021004915237426758,
      0.01600360870361328,
      0.02300429344177246,
      0.01800394058227539,
      0.021005868911743164,
      0.0200040340423584,
      0.020004749298095703,
      0.02200484275817871,
      0.022005081176757812,
      0.01600360870361328,
      0.022005319595336914,
      0.01700425148010254,
      0.020003557205200195,
      0.02000594139099121,
      0.021004438400268555,
      0.0200045108795166,
      0.023005008697509766,
      0.02100396156311035,
      0.018004179000854492,
      0.0200040340423584,
      0.017003774642944336,
      0.021004438400268555,
      0.019004106521606445,
      0.020004749298095703,
      0.02200484275817871,
      0.023004531860351562,
      0.020004749298095703,
      0.021004438400268555,
      0.0200045108795166,
      0.023004770278930664,
      0.021005630493164062,
      0.02300429344177246,
      0.02200484275817871,
      0.02200484275817871,
      0.02300548553466797,
      0.019004106521606445,
      0.02200484275817871,
      0.0200045108795166,
      0.022005081176757812,
      0.01800394058227539,
      0.021004438400268555,
      0.020004749298095703,
      0.0200045108795166,
      0.023005247116088867,
      0.024006366729736328,
      0.022004365921020508,
      0.02200484275817871,
      0.02200460433959961,
      0.0200042724609375,
      0.018004417419433594,
      0.021004915237426758,
      0.02200603485107422,
      0.021004915237426758,
      0.019004344940185547,
      0.021004915237426758,
      0.022005081176757812,
      0.01800394058227539,
      0.017003774642944336,
      0.022004365921020508,
      0.020005226135253906,
      0.0200042724609375,
      0.019004106521606445,
      0.015003681182861328,
      0.017003774642944336,
      0.019004344940185547,
      0.019003868103027344,
      0.01800394058227539,
      0.021004915237426758,
      0.023005008697509766,
      0.022005081176757812,
      0.020004987716674805,
      0.022004365921020508,
      0.01900458335876465,
      0.019004344940185547,
      0.0200042724609375,
      0.02200484275817871,
      0.024005889892578125,
      0.022004365921020508,
      0.023005247116088867,
      0.021004438400268555,
      0.01900506019592285,
      0.01900458335876465,
      0.020004749298095703,
      0.019004106521606445,
      0.021004915237426758,
      0.019004106521606445,
      0.019004344940185547,
      0.023005247116088867,
      0.021004199981689453,
      0.0200042724609375,
      0.020005226135253906,
      0.02400493621826172,
      0.01800370216369629,
