{
  "experiment_name": "mentaliot_compass_4shot_personalrecent_selffeedback_seed42",
  "seed": 42,
  "num_samples": 200,
  "step_timings": {
    "loading": [
      0.0032868862152099607
    ],
    "test_sampling": [
      0.007669401168823242
    ],
    "feature_engineering": [
      9.918212890625e-05,
      8.440017700195312e-05,
      8.082389831542969e-05,
      7.939338684082031e-05,
      8.344650268554688e-05,
      7.987022399902344e-05,
      7.843971252441406e-05,
      7.843971252441406e-05,
      7.915496826171875e-05,
      7.843971252441406e-05,
      7.987022399902344e-05,
      7.915496826171875e-05,
      7.581710815429688e-05,
      7.891654968261719e-05,
      8.082389831542969e-05,
      7.915496826171875e-05,
      8.0108642578125e-05,
      8.368492126464844e-05,
      7.939338684082031e-05,
      8.225440979003906e-05,
      8.344650268554688e-05,
      8.153915405273438e-05,
      7.987022399902344e-05,
      8.082389831542969e-05,
      7.939338684082031e-05,
      7.867813110351562e-05,
      8.0108642578125e-05,
      8.368492126464844e-05,
      7.939338684082031e-05,
      8.440017700195312e-05,
      7.843971252441406e-05,
      7.867813110351562e-05,
      8.106231689453125e-05,
      7.939338684082031e-05,
      7.891654968261719e-05,
      8.082389831542969e-05,
      7.963180541992188e-05,
      9.489059448242188e-05,
      7.939338684082031e-05,
      8.344650268554688e-05,
      7.843971252441406e-05,
      8.20159912109375e-05,
      8.034706115722656e-05,
      8.487701416015625e-05,
      8.320808410644531e-05,
      8.106231689453125e-05,
      8.463859558105469e-05,
      8.344650268554688e-05,
      7.987022399902344e-05,
      8.487701416015625e-05,
      7.62939453125e-05,
      7.891654968261719e-05,
      8.106231689453125e-05,
      7.963180541992188e-05,
      8.392333984375e-05,
      8.416175842285156e-05,
      7.939338684082031e-05,
      7.581710815429688e-05,
      8.463859558105469e-05,
      7.486343383789062e-05,
      7.915496826171875e-05,
      7.915496826171875e-05,
      8.20159912109375e-05,
      8.225440979003906e-05,
      8.487701416015625e-05,
      7.915496826171875e-05,
      7.534027099609375e-05,
      8.153915405273438e-05,
      8.416175842285156e-05,
      8.0108642578125e-05,
      7.82012939453125e-05,
      7.414817810058594e-05,
      8.797645568847656e-05,
      8.368492126464844e-05,
      8.296966552734375e-05,
      8.487701416015625e-05,
      7.915496826171875e-05,
      8.344650268554688e-05,
      7.963180541992188e-05,
      7.915496826171875e-05,
      7.987022399902344e-05,
      7.843971252441406e-05,
      8.940696716308594e-05,
      8.0108642578125e-05,
      8.130073547363281e-05,
      8.058547973632812e-05,
      8.440017700195312e-05,
      7.939338684082031e-05,
      8.392333984375e-05,
      7.987022399902344e-05,
      8.416175842285156e-05,
      8.058547973632812e-05,
      7.891654968261719e-05,
      8.416175842285156e-05,
      8.392333984375e-05,
      7.987022399902344e-05,
      8.416175842285156e-05,
      8.487701416015625e-05,
      7.772445678710938e-05,
      8.845329284667969e-05,
      7.891654968261719e-05,
      7.915496826171875e-05,
      7.867813110351562e-05,
      7.987022399902344e-05,
      7.915496826171875e-05,
      8.368492126464844e-05,
      7.915496826171875e-05,
      7.939338684082031e-05,
      7.963180541992188e-05,
      8.273124694824219e-05,
      7.915496826171875e-05,
      7.939338684082031e-05,
      7.939338684082031e-05,
      8.320808410644531e-05,
      6.341934204101562e-05,
      7.963180541992188e-05,
      8.106231689453125e-05,
      7.867813110351562e-05,
      7.891654968261719e-05,
      7.891654968261719e-05,
      7.963180541992188e-05,
      8.273124694824219e-05,
      8.20159912109375e-05,
      7.843971252441406e-05,
      7.939338684082031e-05,
      7.534027099609375e-05,
      7.772445678710938e-05,
      8.487701416015625e-05,
      8.225440979003906e-05,
      7.891654968261719e-05,
      7.05718994140625e-05,
      7.963180541992188e-05,
      7.867813110351562e-05,
      9.489059448242188e-05,
      8.702278137207031e-05,
      8.320808410644531e-05,
      8.082389831542969e-05,
      7.128715515136719e-05,
      8.130073547363281e-05,
      8.368492126464844e-05,
      8.487701416015625e-05,
      7.843971252441406e-05,
      8.0108642578125e-05,
      7.987022399902344e-05,
      8.487701416015625e-05,
      7.867813110351562e-05,
      8.368492126464844e-05,
      7.843971252441406e-05,
      7.939338684082031e-05,
      8.392333984375e-05,
      8.320808410644531e-05,
      7.987022399902344e-05,
      8.535385131835938e-05,
      8.416175842285156e-05,
      8.630752563476562e-05,
      8.535385131835938e-05,
      7.987022399902344e-05,
      8.249282836914062e-05,
      8.726119995117188e-05,
      8.106231689453125e-05,
      8.296966552734375e-05,
      8.463859558105469e-05,
      8.0108642578125e-05,
      7.963180541992188e-05,
      8.0108642578125e-05,
      7.939338684082031e-05,
      8.130073547363281e-05,
      8.392333984375e-05,
      7.939338684082031e-05,
      8.58306884765625e-05,
      8.535385131835938e-05,
      8.416175842285156e-05,
      8.344650268554688e-05,
      8.082389831542969e-05,
      7.534027099609375e-05,
      8.034706115722656e-05,
      8.559226989746094e-05,
      8.106231689453125e-05,
      7.724761962890625e-05,
      8.0108642578125e-05,
      8.058547973632812e-05,
      8.273124694824219e-05,
      8.416175842285156e-05,
      8.249282836914062e-05,
      8.082389831542969e-05,
      7.843971252441406e-05,
      7.843971252441406e-05,
      8.058547973632812e-05,
      8.296966552734375e-05,
      7.963180541992188e-05,
      8.130073547363281e-05,
      8.296966552734375e-05,
      8.034706115722656e-05,
      8.368492126464844e-05,
      7.843971252441406e-05,
      8.344650268554688e-05,
      7.82012939453125e-05,
      8.225440979003906e-05,
      7.891654968261719e-05,
      8.368492126464844e-05
    ],