{
  "experiment_name": "mentaliot_compass_4shot_personalrecent_selffeedback_seed42",
  "seed": 42,
  "num_samples": 200,
  "step_timings": {
    "loading": [
      0.005101633071899414
    ],
    "test_sampling": [
      0.011903810501098632
    ],
    "feature_engineering": [
      0.0,
      0.0,
      0.0,
      0.0,
      0.0010001659393310547,
      0.0,
      0.0,
      0.0010001659393310547,
      0.0,
      0.0010001659393310547,
      0.0,
      0.0,
      0.0,
      0.0,
      0.0,
      0.0,
      0.0,
      0.0,
      0.0,
      0.0,
      0.0,
      0.0,
      0.0,
      0.0010004043579101562,
      0.0,
      0.0,
      0.0,
      0.0,
      0.0,
      0.0,
      0.0010001659393310547,
      0.0,
      0.0,
      0.0,
      0.0,
      0.0,
      0.0,
      0.0,
      0.001001596450805664,
      0.0,
      0.0,
      0.0,
      0.0,
      0.0,
      0.0,
      0.0,
      0.0,
      0.0,
      0.0,
      0.0,
      0.0,
      0.0,
      0.0,
      0.0,
      0.0,
      0.0,
      0.0,
      0.0,
      0.0010004043579101562,
      0.0,
      0.00099945068359375,
      0.0,
      0.0010006427764892578,
      0.0,
      0.0,
      0.0,
      0.0,
      0.0,
      0.0,
      0.0,
      0.0,
      0.0,
      0.0,
      0.0,
      0.0,
      0.0,
      0.0,
      0.0,
      0.0009999275207519531,
      0.0,
      0.0009989738464355469,
      0.0,
      0.0,
      0.0009992122650146484,
      0.0,
      0.0,
      0.0,
      0.0,
      0.0010001659393310547,
      0.0,
      0.0,
      0.0,
      0.0,
      0.0,
      0.0010004043579101562,
      0.0,
      0.0,
      0.0,
      0.0,
      0.0,
      0.0,
      0.0010004043579101562,
      0.0,
      0.0,
      0.0,
      0.0,
      0.0,
      0.0,
      0.0010004043579101562,
      0.0,
      0.0,
      0.0010004043579101562,
      0.0,
      0.0,
      0.0,
      0.0,
      0.0,
      0.0,
      0.0,
      0.0,
      0.0,
      0.0,
      0.0,
      0.0,
      0.0,
      0.0,
      0.0,
      0.0,
      0.0,
      0.0,
      0.0,
      0.0009999275207519531,
      0.0,
      0.0009987354278564453,
      0.0,
      0.0010004043579101562,
      0.0,
      0.0010004043579101562,
      0.0,
      0.0,
      0.0,
      0.0,
      0.0010001659393310547,
      0.0,
      0.0,
      0.0,
      0.0,
      0.0,
      0.0,
      0.0,
      0.0,
      0.0,
      0.0009999275207519531,
      0.0,
      0.0,
      0.0,
      0.0,
      0.0,
      0.0,
      0.0,
      0.0,
      0.0,
      0.0,
      0.0,
      0.0,
      0.0,
      0.0,
      0.0,
      0.0,
      0.0,
      0.0009999275207519531,
      0.0,
      0.0,
      0.0,
      0.0,
      0.0,
      0.0,
      0.0,
      0.0,
      0.0,
      0.00099945068359375,
      0.0,
      0.0,
      0.0,
      0.0,
      0.0,
      0.0010001659393310547,
      0.0,
      0.0,
      0.0,
      0.0,
      0.0009999275207519531,
      0.0,
      0.0,
      0.0,
      0.0,
      0.0,
      0.0,
      0.0,
      0.0
    ],
    "icl_selection": [
      0.018004894256591797,
      0.020003557205200195,
      0.021004438400268555,
      0.022005081176757812,
      0.020004749298095703,
      0.0200045108795166,
      0.016003131866455078,
      0.017004013061523438,
      0.0200045108795166,
      0.017003536224365234,
      0.022005796432495117,
      0.022005081176757812,
      0.012002944946289062,
      0.017003774642944336,
      0.019002914428710938,
      0.018004655838012695,
      0.021004676818847656,
      0.015003204345703125,
      0.017004013061523438,
      0.017004013061523438,
      0.02200484275817871,
      0.018004417419433594,
      0.017003536224365234,
      0.021004676818847656,
      0.02100515365600586,
      0.024004697799682617,
      0.022005558013916016,
      0.01800394058227539,
      0.021004438400268555,
      0.022005081176757812,
      0.021004676818847656,
      0.017003774642944336,
      0.017003774642944336,
      0.02100515365600586,
      0.021004199981689453,
      0.02200460433959961,
      0.021004915237426758,
      0.02100515365600586,
      0.021004199981689453,
      0.02100348472595215,
      0.015003204345703125,
      0.01600360870361328,
      0.017003774642944336,
      0.017003774642944336,
      0.01600480079650879,
      0.018002748489379883,
      0.014003276824951172,
      0.017003774642944336,
      0.017004013061523438,
      0.02200603485107422,
      0.012001514434814453,
      0.018004894256591797,
      0.018002986907958984,
      0.012002706527709961,
      0.018004417419433594,
      0.0200042724609375,
      0.018004655838012695,
      0.012002944946289062,
      0.01900339126586914,
      0.012002706527709961,
      0.020004987716674805,
      0.019004344940185547,
      0.021005630493164062,
      0.021004438400268555,
      0.017003774642944336,
      0.018004179000854492,
      0.012001752853393555,
      0.021004676818847656,
      0.021004438400268555,
      0.017003774642944336,
      0.027006864547729492,
      0.012002706527709961,
      0.017003297805786133,
      0.02200460433959961,
      0.01700425148010254,
      0.022005319595336914,
      0.017003536224365234,
      0.018004417419433594,
      0.02100372314453125,
      0.018004179000854492,
      0.01800537109375,
      0.018004655838012695,
      0.022004365921020508,
      0.021006107330322266,
      0.021005868911743164,
      0.02100396156311035,
      0.01700425148010254,
      0.02200460433959961,
      0.021005630493164062,
      0.016002655029296875,
      0.022005319595336914,
      0.01900482177734375,
      0.01900339126586914,
      0.022005081176757812,
      0.017003774642944336,
      0.02200484275817871,
      0.022005081176757812,
      0.01800370216369629,
      0.022005081176757812,
      0.017004013061523438,
      0.02200484275817871,
      0.02100539207458496,
      0.021004438400268555,
      0.02200460433959961,
      0.023005247116088867,
      0.022005081176757812,
      0.016003131866455078,
      0.022005796432495117,
      0.0200042724609375,
      0.021004438400268555,
      0.018003463745117188,
      0.017003536224365234,
      0.017003774642944336,
      0.018004179000854492,
      0.006001472473144531,
      0.01800370216369629,
      0.0180051326751709,
      0.01800394058227539,
      0.017003774642944336,
      0.018003225326538086,
      0.021004676818847656,
      0.01800394058227539,
      0.02100515365600586,
      0.018004417419433594,
      0.022004365921020508,
      0.012003183364868164,
      0.01700305938720703,
      0.018004179000854492,
      0.017004966735839844,
      0.01900339126586914,
      0.009002447128295898,
      0.020004987716674805,
      0.01800394058227539,
      0.009002208709716797,
      0.018004894256591797,
      0.017003774642944336,
      0.01700448989868164,
      0.00900125503540039,
      0.01800370216369629,
      0.01900506019592285,
      0.022005081176757812,
      0.02100515365600586,
      0.021004199981689453,
      0.022005081176757812,
      0.022004365921020508,
      0.017003774642944336,
      0.021005630493164062,
      0.022003889083862305,
      0.02300572395324707,
      0.01900506019592285,
      0.01800370216369629,
      0.01800394058227539,
      0.018004417419433594,
      0.018004179000854492,
      0.01800394058227539,
      0.021004438400268555,
      0.022005796432495117,
      0.022004127502441406,
      0.01900506019592285,
      0.02300429344177246,
      0.019003868103027344,
      0.025005340576171875,
      0.02400493621826172,
      0.023006677627563477,
      0.022003650665283203,
      0.022005081176757812,
      0.022005319595336914,
      0.022005319595336914,
      0.022003889083862305,
      0.02200484275817871,
      0.01700425148010254,
      0.015002965927124023,
      0.021005868911743164,
      0.01800394058227539,
      0.012002944946289062,
      0.0200045108795166,
      0.017003536224365234,
      0.01800394058227539,
      0.012003421783447266,
      0.018006324768066406,
      0.01700115203857422,
